fold,mutant,y,y_pred,y_var
3,L59Q,0.5930001,0.58902526,0.15968356
3,L59R,0.49325746,0.61747146,0.14716408
3,D61L,0.49592882,0.13027078,0.21647379
3,D61K,0.24588898,0.060296416,0.23989525
3,D61E,0.59091824,-0.00057536364,0.15764841
3,K64A,0.89627427,0.42386922,0.19540033
3,K64I,0.87049115,0.42956382,0.18716863
3,K64L,0.7775583,0.891408,0.21609882
2,L59P,-3.0270538,0.30895007,0.1428159
2,L59S,0.55746424,0.45502102,0.121043876
2,L59A,0.5388537,0.64380544,0.15247066
2,W60L,-2.1691256,-2.4035969,0.15313895
2,W60A,-3.153816,-2.7628036,0.14267917
2,D61T,0.35754225,0.03940332,0.12292762
2,K64R,0.68686694,0.64770633,0.15671153
2,K64V,-0.26292717,0.69505656,0.12897058
0,L59T,0.45205757,-0.4433766,0.20755777
0,L59D,0.445227,-0.17475688,0.18097773
0,L59H,0.5143687,-0.8073623,0.22839168
0,W60V,-1.7524264,-1.8394272,0.13886294
0,D61Q,0.11101928,0.12793243,0.09700307
0,D61Y,0.3422121,-0.3377642,0.26729867
0,D61R,-0.76591766,0.096261844,0.115020245
1,L59E,0.5611867,0.4285124,0.3166548
1,L59M,0.59195125,0.945686,0.28545815
1,L59K,0.6097737,0.38287187,0.17715204
1,W60T,-2.4595892,-2.3193805,0.3089097
1,W60I,-1.6913688,-1.5078086,0.3154357
1,D61M,0.43294016,0.08900106,0.35331237
1,D61I,-0.27442917,0.18610045,0.33788705
1,D61A,0.4030766,0.5838116,0.048384078
1,D61V,0.14190844,0.46479073,0.10642756
1,D61S,0.44134814,0.49272394,0.3887416
1,K64E,0.15023717,0.38644624,0.32010943
1,K64F,0.76558584,0.19511601,0.6461456
1,K64M,0.6882126,0.1839489,0.27458918
1,K64W,0.518795,-0.0026168004,0.7684701
