fold,mutant,y,y_pred,y_var
0,L59Q,0.5866843,-0.5308106,1.0805137
0,L59R,0.48305482,-0.5138465,1.080859
0,L59P,-2.1698382,-0.55146843,1.0802364
0,L59T,0.57791376,-0.56357104,1.0803183
0,L59S,0.69536513,-0.49934483,1.0814242
0,L59E,0.64158934,-0.46867606,1.081604
0,L59A,0.68048924,-0.29743004,1.0802289
0,L59D,0.57110864,-0.53604037,1.0815523
0,L59M,0.6720236,-0.26784754,1.0740055
0,L59H,0.6399925,-0.5793869,1.0796177
0,L59K,0.68965465,-0.5207888,1.0810858
1,W60T,-4.8567166,-1.060946,1.1565709
1,W60V,-3.577152,-0.24734056,1.1566647
1,W60L,-3.3412735,-0.1920432,1.156523
1,W60A,-4.7239337,-0.6908419,1.1567119
1,W60I,-3.521695,-0.12914325,1.1568056
2,D61L,0.40522885,-0.299547,0.89867437
2,D61M,0.43057844,-0.592898,0.8986663
2,D61Q,0.18789649,-0.20931356,0.89864415
2,D61K,0.17727867,-0.38774642,0.8986791
2,D61E,0.49182647,0.17227563,0.8986301
2,D61I,-0.18344669,-0.53581166,0.89866364
2,D61A,0.40465567,0.1087451,0.8986432
2,D61V,0.17795117,-0.41270423,0.8986545
2,D61Y,0.39000288,-0.90585744,0.89864385
2,D61R,-0.57871276,-0.20171347,0.8986782
2,D61T,0.44886658,-0.42882913,0.898643
2,D61S,0.4378769,-0.31749612,0.8986412
3,K64A,0.93134296,0.118583,1.2074484
3,K64E,0.28789794,0.26652485,1.207457
3,K64F,0.8753846,0.10170322,1.2075076
3,K64I,0.9054904,0.54818374,1.2074684
3,K64L,0.8123074,0.54584277,1.2074791
3,K64M,0.80151474,0.39630735,1.2074631
3,K64R,0.83196217,0.31878236,1.2074416
3,K64V,0.0992734,0.59776527,1.2074635
3,K64W,0.6397681,-0.058014303,1.2075245
