fold,mutant,y,y_pred,y_var
2,D103A,0.511866,0.31746835,0.8822614
2,D103E,0.7077775,0.48656273,0.770841
2,D103N,0.6723213,0.52848244,0.83104837
2,L137A,0.8112472,0.26647756,1.0041745
2,L137W,-0.6255198,-0.47053504,0.862767
2,N112E,0.5691478,0.26324528,0.9522116
2,S122P,0.15226552,0.37817898,1.0027174
3,D139E,0.8010562,-0.14929368,0.44868362
3,L113A,0.6752352,-0.80268174,0.67658854
3,L113F,-0.16059968,0.27208155,0.4024647
3,L113W,-0.37442347,-1.7900236,0.65717936
3,L123A,-0.47598732,-0.16345644,0.6058326
3,T105V,0.10601485,0.3367009,0.57113844
0,F108L,1.0429432,0.5499805,0.5310986
0,F108Y,-7.753614,-0.33373046,0.5452098
0,I128A,0.8557228,0.18960312,0.52788156
0,I142A,-0.63449275,0.5475441,0.54773235
0,I142W,-1.8545276,-0.6619581,0.61510694
0,K118D,1.23081,0.6315659,0.5346606
0,S101D,0.84059674,0.14998993,0.52603215
4,F124A,-0.6792743,-3.9399455,0.39158472
4,F124I,0.3394509,0.2240265,0.28188094
4,F124W,-0.7176487,-2.0588024,0.37180015
4,K140R,0.48694152,-0.18755609,0.34889433
4,K140S,-0.2837117,0.653657,0.44488248
4,M107A,-0.54135484,-0.21101162,0.38354883
4,N116D,0.7455259,-0.15176696,0.4386154
4,N116E,-0.36519045,0.19296122,0.7045202
1,T102V,0.8091139,0.50915444,0.65728104
1,V135A,0.29046178,0.15481544,0.9085773
1,W120A,-0.7627531,-0.27808657,0.6910996
1,Y110A,-0.034467958,-0.16581139,0.67051506
1,Y110F,0.6766694,-0.16463304,0.65362287
