fold,mutant,y,y_pred,y_var
0,D103A,0.52390987,0.36654407,0.90536225
0,D103E,0.7196699,0.15130624,1.0008657
0,D103N,0.68424106,0.27892137,0.97272646
0,M107A,-0.42271754,0.17097048,0.84337366
0,S101D,0.6595511,0.024813056,1.0049284
0,T102V,0.8571618,0.41613337,0.8410665
0,T105V,0.18564038,0.13853756,0.8760363
4,D139E,0.7867581,0.25797534,1.0694156
4,I142A,-0.2483786,0.21862246,1.0751652
4,I142W,-0.9213289,-0.250696,1.0983067
4,K140R,0.5296751,-0.037184075,1.018492
4,K140S,-0.2636275,0.3496502,1.0724804
4,L137A,0.73055124,0.35211143,0.9942982
4,L137W,-0.7207969,-0.2726499,1.0914108
1,F108L,0.9816684,0.620201,0.608382
1,F108Y,-7.1388335,-0.09140843,0.68031645
1,L113A,0.9533266,0.21893328,0.6691781
1,L113F,-0.4567256,0.21085012,0.57822436
1,L113W,-0.817446,-0.39504835,0.67386925
1,N112E,0.6622201,0.25672874,0.65433085
1,Y110A,-0.2623899,0.329814,0.6263604
1,Y110F,0.9107297,0.3470449,0.61956644
3,F124A,-0.68952006,-4.1238647,0.5675934
3,F124I,0.35554203,-0.27506846,0.4277817
3,F124W,-0.7288865,-2.1712816,0.5802293
3,I128A,0.5506185,0.51892954,0.7312696
3,L123A,-0.51977605,-1.2933971,0.09497403
3,V135A,0.23192735,0.20034985,0.71409476
2,K118D,0.8187973,0.51142734,0.7693595
2,N116D,0.8344779,-0.046774983,0.6434977
2,N116E,-0.33208573,0.18498652,0.8591162
2,S122P,0.08866593,0.14697309,1.0908046
2,W120A,-0.77775806,-0.24351302,0.7581592
