fold,mutant,y,y_pred,y_var
0,D103A,0.65235406,0.44845462,0.66921943
0,D103E,1.0034478,0.6054987,0.63818365
0,D103N,0.93990654,0.48945373,0.725921
0,D139E,1.2885928,-0.08226654,0.6242222
0,F108L,1.093634,0.800021,0.6200061
0,F108Y,-7.514347,-0.2028423,0.73514605
0,F124A,-1.297287,-1.5900801,0.74848944
0,F124I,0.5631489,-0.8070982,0.7084108
0,F124W,-1.3673677,-0.92590094,0.7243214
0,I128A,0.9104271,0.45469832,0.72801185
1,I142A,-0.23881115,0.50924575,0.8180132
1,I142W,-0.89249516,-0.6096611,0.57984316
1,K118D,0.7606018,0.5193314,0.7111747
1,K140R,0.5169672,0.1547855,0.77789843
1,K140S,-0.2536235,0.7325092,0.46462107
1,L113A,0.64349496,-0.7461828,0.6499622
1,L113F,-0.17489578,0.20999579,0.38651526
1,L113W,-0.384257,-1.7486472,0.64252925
2,L123A,-0.524465,-0.80235463,0.8871906
2,L137A,0.72745585,0.17265826,0.96493447
2,L137W,-0.74851286,-0.5839901,0.83980304
2,M107A,-0.5533024,-0.101854056,0.8242871
2,N112E,0.47875085,0.15448509,0.921429
3,N116D,0.87975234,0.18336001,0.6240932
3,N116E,-0.2824015,0.2584366,0.82666373
3,S101D,0.64535815,0.3487734,0.6721337
3,S122P,0.13675967,0.42365766,0.9685279
3,T102V,0.8484126,0.5283266,0.6714729
4,T105V,0.09469492,0.3200285,0.72928184
4,V135A,0.26284736,0.13960597,0.889418
4,W120A,-0.7784185,-0.2471976,0.6589449
4,Y110A,-0.05839591,-0.2170536,0.63791674
4,Y110F,0.6446734,-0.21560007,0.6206408
