fold,mutant,y,y_pred,y_var
4,D103A,0.6453289,0.7236725,0.3399892
4,D103E,0.83763784,0.74496466,0.1590836
4,F108L,0.8870367,-2.3513772,0.6426346
4,I128A,0.7866865,0.085873306,1.0971992
4,K118D,0.98773336,0.08407389,1.0936614
4,L113A,0.8705808,-0.024891369,0.11529792
4,L137W,-0.47114164,0.3332802,0.9231405
4,N116D,1.0026679,-0.07558157,0.21925884
4,S101D,0.7785789,0.06934209,1.0948807
4,T102V,0.97270596,0.14340475,1.0865216
4,Y110A,0.16470674,0.8199407,0.062739916
0,D103N,0.5997338,0.60293865,0.6130807
0,F124W,-0.7492354,-0.39029545,0.52938056
0,N116E,-0.372906,0.40038875,0.7921871
3,D139E,0.8554093,-0.1549158,0.5257155
3,K140R,0.5945272,-0.27225396,0.8216244
3,L113F,-0.12825303,0.55339795,0.44438735
3,L113W,-0.34696993,-0.8723042,0.5200368
3,L137A,0.7983718,0.3285655,0.8778961
2,F108Y,-7.315291,-0.49656263,0.4923836
2,F124A,-1.4290565,-1.7559919,0.46682262
2,I142A,-0.71949154,0.4413082,0.6182667
2,K140S,-0.745105,1.0531024,0.3422394
2,M107A,-1.1905855,0.24045722,0.30495527
2,N112E,0.5140314,0.39927557,0.5391834
2,T105V,-0.15756086,0.1238589,0.52899843
2,V135A,0.124029845,0.10853535,0.46469143
2,Y110F,0.76344156,-0.27333075,0.105580576
1,F124I,0.3249349,-0.8692973,0.93060786
1,I142W,-0.9996696,-0.5061244,0.8591081
1,L123A,-0.57059085,-1.2354352,0.9025429
1,S122P,0.0058419798,0.19302623,0.93847376
1,W120A,-0.8599676,-1.226246,0.8424251
