fold,mutant,y,y_pred,y_var
3,D103A,0.66462886,0.57340384,0.729933
3,D103E,1.0009065,0.3037129,0.72993416
3,D103N,0.94004667,0.31493434,0.7299325
3,F108L,1.0872868,0.30478528,0.72993416
3,F108Y,-7.157438,-0.068936676,0.72993416
3,I128A,0.9118113,0.33248377,0.72993416
3,K118D,1.2633682,0.39672413,0.7299222
3,L113A,1.0585115,0.19353382,0.72993416
3,L113F,-0.3731109,0.24261023,0.729933
3,L113W,-0.73934937,-0.3235009,0.7299298
3,L123A,-0.91330844,-1.1106642,0.72993094
4,D139E,0.80918723,0.5925982,0.050325386
4,F124A,-0.69716096,-3.917143,0.54581344
4,F124I,0.3865956,0.20341104,0.40563762
4,F124W,-0.737985,-2.0939355,0.53969514
2,I142A,-0.25448442,0.20468223,1.0065582
2,I142W,-0.91568065,-0.17527722,1.0657175
2,L137A,0.707347,0.28239846,1.0155401
2,L137W,-0.7186512,-0.21065131,1.0637742
2,M107A,-0.5300498,-0.113835946,0.82035637
2,N112E,0.46706218,0.23713711,0.944751
2,S122P,0.053304467,0.3790815,1.0057102
2,T102V,0.7412198,0.45129955,0.7678975
0,K140R,0.5332359,0.06470735,0.85849476
0,K140S,-0.23758852,0.6195444,0.5201569
0,T105V,0.10229245,0.31237376,0.66816455
0,V135A,0.26518628,0.08179703,0.84806883
0,W120A,-0.7435161,-0.2919122,0.5986155
0,Y110A,-0.046010777,-0.22001925,0.5785099
0,Y110F,0.63507146,-0.21502319,0.56232464
1,N116D,0.8664626,0.056107357,0.5744628
1,N116E,-0.32251722,0.20987183,0.8186968
1,S101D,0.6266579,0.37875342,0.6254698
